﻿<?xml version="1.0" encoding="utf-8"?>
<opm-metadata xmlns="http://oscript.io/schemas/opm-metadata/1.0">
    <name>gitrunner</name>
    <version>1.6.2</version>
    <engine-version>1.0.17</engine-version>
    <tasks>tasks</tasks>
    <depends-on name="1bdd" dev="false"/>
    <depends-on name="1commands" dev="false" version="1.3.1"/>
    <depends-on name="asserts" dev="false" version="0.4.0"/>
    <depends-on name="fs" dev="false" version="0.4.1"/>
    <depends-on name="json" dev="false" version="1.0.1"/>
    <depends-on name="logos" dev="false" version="1.0.0"/>
</opm-metadata>