﻿<?xml version="1.0" encoding="utf-8"?>
<opm-metadata xmlns="http://oscript.io/schemas/opm-metadata/1.0">
    <name>v8runner</name>
    <version>1.5.0</version>
    <engine-version>1.0.19</engine-version>
    <depends-on name="asserts" version="0.4.0"/>
    <depends-on name="fs" version="0.5.0"/>
    <depends-on name="logos" version="1.0.2"/>
    <depends-on name="tempfiles" version="0.2.2"/>
    <depends-on name="strings" version="0.4.1"/>
    <depends-on name="v8find" version="0.1.2"/>
    <depends-on name="1commands" version="1.3.2"/>
</opm-metadata>