﻿<?xml version="1.0" encoding="utf-8"?>
<opm-metadata xmlns="http://oscript.io/schemas/opm-metadata/1.0">
    <name>cli</name>
    <version>0.9.10</version>
    <author>Khorev Aleksey</author>
    <author-email>khorevaa@gmail.com</author-email>
    <description>Данный пакет облегчает создание консольных приложений на Oscript</description>
    <engine-version>1.0.20</engine-version>
    <depends-on name="logos" version="1.1.1" />
    <depends-on name="delegate" version="0.2.0" />
    <depends-on name="reflector" version="0.5.1" />
    <depends-on name="fluent" version="0.3.1" />
    <depends-on name="datetime" version="0.1.0" />
</opm-metadata>